-- Example data for local PostgreSQL import
-- Import:
--   psql -U htr -d htr -f htr-backend/example-data-hcmc.sql
--
-- Notes:
-- - This file assumes the current schema has already been migrated.
-- - Passwords:
--   Admin users: Admin123!
--   Tenant users: Tenant123!
--   Technician users: Tech123!

BEGIN;

-- Users
INSERT INTO users (id, full_name, email, phone, password_hash, role, is_active, created_at, updated_at)
VALUES
    ('b1000000-0000-0000-0000-000000000001', 'Hoang Minh Quan', 'quan.hoang@demo-htr.vn', '0909123001', '$2a$10$D61JISOCUmjEa.5LNjnk6OcSzRNS7e2lKm5NiXCi2SHHZwI7cU.Gq', 'ADMIN', true, '2026-01-05 08:30:00', '2026-06-28 09:15:00'),
    ('b1000000-0000-0000-0000-000000000002', 'Nguyen Minh Anh', 'minhanh.nguyen@demo-htr.vn', '0908123002', '$2a$10$2fmWQAXWyE1ZRBpssWHhjeEu1YbdaXSlHyQWntleOEP/7NVGc3Oke', 'TENANT', true, '2026-01-06 10:00:00', '2026-06-29 18:40:00'),
    ('b1000000-0000-0000-0000-000000000003', 'Tran Gia Han', 'giahan.tran@demo-htr.vn', '0908123003', '$2a$10$2fmWQAXWyE1ZRBpssWHhjeEu1YbdaXSlHyQWntleOEP/7NVGc3Oke', 'TENANT', true, '2026-01-06 10:10:00', '2026-06-29 18:45:00'),
    ('b1000000-0000-0000-0000-000000000004', 'Le Quoc Bao', 'quocbao.le@demo-htr.vn', '0908123004', '$2a$10$2fmWQAXWyE1ZRBpssWHhjeEu1YbdaXSlHyQWntleOEP/7NVGc3Oke', 'TENANT', true, '2026-01-06 10:20:00', '2026-06-29 18:50:00'),
    ('b1000000-0000-0000-0000-000000000005', 'Pham Thu Trang', 'thutrang.pham@demo-htr.vn', '0908123005', '$2a$10$2fmWQAXWyE1ZRBpssWHhjeEu1YbdaXSlHyQWntleOEP/7NVGc3Oke', 'TENANT', true, '2026-01-06 10:30:00', '2026-06-29 18:55:00'),
    ('b1000000-0000-0000-0000-000000000006', 'Doan Hoang Nam', 'hoangnam.doan@demo-htr.vn', '0908123006', '$2a$10$2fmWQAXWyE1ZRBpssWHhjeEu1YbdaXSlHyQWntleOEP/7NVGc3Oke', 'TENANT', true, '2026-01-06 10:40:00', '2026-06-29 19:00:00'),
    ('b1000000-0000-0000-0000-000000000007', 'Bui Khanh Linh', 'khanhlinh.bui@demo-htr.vn', '0908123007', '$2a$10$2fmWQAXWyE1ZRBpssWHhjeEu1YbdaXSlHyQWntleOEP/7NVGc3Oke', 'TENANT', true, '2026-01-06 10:50:00', '2026-06-29 19:05:00'),
    ('b1000000-0000-0000-0000-000000000008', 'Vo Tuan Kiet', 'tuankiet.vo@demo-htr.vn', '0916123008', '$2a$10$hwlFSpr2KivOP1/.rYUy8.cjiz7aIm0BkzJU95bpH0aisJQQ8oX8O', 'TECHNICIAN', true, '2026-01-07 09:15:00', '2026-06-28 16:20:00'),
    ('b1000000-0000-0000-0000-000000000009', 'Phan Duc Huy', 'duchuy.phan@demo-htr.vn', '0916123009', '$2a$10$hwlFSpr2KivOP1/.rYUy8.cjiz7aIm0BkzJU95bpH0aisJQQ8oX8O', 'TECHNICIAN', true, '2026-01-07 09:25:00', '2026-06-28 16:25:00')
ON CONFLICT (id) DO UPDATE
SET
    full_name = EXCLUDED.full_name,
    email = EXCLUDED.email,
    phone = EXCLUDED.phone,
    password_hash = EXCLUDED.password_hash,
    role = EXCLUDED.role,
    is_active = EXCLUDED.is_active,
    updated_at = EXCLUDED.updated_at;

-- Property types
INSERT INTO property_types (id, code, name, description, active, created_at, updated_at)
VALUES
    ('b2000000-0000-0000-0000-000000000001', 'CONDO_PREMIUM', 'Chung cu', 'Can ho trong cac khu chung cu trung va cao cap tai TP.HCM', true, '2026-01-05 08:40:00', '2026-06-28 09:15:00'),
    ('b2000000-0000-0000-0000-000000000002', 'SERVICED_APARTMENT', 'Can ho dich vu', 'Can ho cho thue theo thang, co don dep va quan ly van hanh', true, '2026-01-05 08:45:00', '2026-06-28 09:15:00'),
    ('b2000000-0000-0000-0000-000000000003', 'MINI_APARTMENT', 'Can ho mini', 'Loai hinh studio va can ho nho trong khu dan cu noi thanh', true, '2026-01-05 08:50:00', '2026-06-28 09:15:00')
ON CONFLICT (id) DO UPDATE
SET
    code = EXCLUDED.code,
    name = EXCLUDED.name,
    description = EXCLUDED.description,
    active = EXCLUDED.active,
    updated_at = EXCLUDED.updated_at;

-- Properties
INSERT INTO properties (id, owner_id, name, address, type, description, floor_count, room_count, created_at, updated_at)
VALUES
    ('b3000000-0000-0000-0000-000000000001', 'b1000000-0000-0000-0000-000000000001', 'Masteri Thao Dien - Toa T3', '159 Xa lo Ha Noi, Phuong Thao Dien, TP Thu Duc, TP.HCM', 'b2000000-0000-0000-0000-000000000001', 'Can ho huu nghi cho nhom khach di lam tai khu dong thanh pho.', 25, 150, '2026-01-08 09:00:00', '2026-06-30 10:00:00'),
    ('b3000000-0000-0000-0000-000000000002', 'b1000000-0000-0000-0000-000000000001', 'Vinhomes Central Park - Park 6', '208 Nguyen Huu Canh, Phuong 22, Quan Binh Thanh, TP.HCM', 'b2000000-0000-0000-0000-000000000001', 'Can ho huong song, phu hop cho gia dinh tre va nhan su van phong.', 30, 200, '2026-01-08 09:15:00', '2026-06-30 10:05:00'),
    ('b3000000-0000-0000-0000-000000000003', 'b1000000-0000-0000-0000-000000000001', 'The Gold View - Block A', '346 Ben Van Don, Phuong 1, Quan 4, TP.HCM', 'b2000000-0000-0000-0000-000000000001', 'Can ho gan trung tam, de di Quan 1 va khu Ben Nghe.', 20, 120, '2026-01-08 09:30:00', '2026-06-30 10:10:00'),
    ('b3000000-0000-0000-0000-000000000004', 'b1000000-0000-0000-0000-000000000001', 'Lexington Residence - Block LD', '67 Mai Chi Tho, Phuong An Phu, TP Thu Duc, TP.HCM', 'b2000000-0000-0000-0000-000000000001', 'Can ho co san noi that co ban, thich hop cho nguoi o lau dai.', 22, 140, '2026-01-08 09:45:00', '2026-06-30 10:15:00')
ON CONFLICT (id) DO UPDATE
SET
    owner_id = EXCLUDED.owner_id,
    name = EXCLUDED.name,
    address = EXCLUDED.address,
    type = EXCLUDED.type,
    description = EXCLUDED.description,
    floor_count = EXCLUDED.floor_count,
    room_count = EXCLUDED.room_count,
    updated_at = EXCLUDED.updated_at;

-- Fee configs
INSERT INTO fee_configs (
    id, property_id, rent_default, elec_price, water_mode, water_price, service_fee,
    vehicle_pro_rata, service_pro_rata, motorbike_price, car_price, bicycle_price,
    created_at, updated_at
)
VALUES
    ('b4000000-0000-0000-0000-000000000001', 'b3000000-0000-0000-0000-000000000001', 11800000, 3800, 'CUBIC', 18500, 350000, false, false, 120000, 1200000, 50000, '2026-01-08 09:05:00', '2026-06-30 10:00:00'),
    ('b4000000-0000-0000-0000-000000000002', 'b3000000-0000-0000-0000-000000000002', 14500000, 4000, 'CUBIC', 19000, 450000, false, false, 150000, 1350000, 50000, '2026-01-08 09:20:00', '2026-06-30 10:05:00'),
    ('b4000000-0000-0000-0000-000000000003', 'b3000000-0000-0000-0000-000000000003', 9900000, 3800, 'CUBIC', 18000, 300000, false, false, 120000, 1100000, 40000, '2026-01-08 09:35:00', '2026-06-30 10:10:00'),
    ('b4000000-0000-0000-0000-000000000004', 'b3000000-0000-0000-0000-000000000004', 11200000, 3900, 'CUBIC', 18500, 320000, false, false, 120000, 1150000, 40000, '2026-01-08 09:50:00', '2026-06-30 10:15:00')
ON CONFLICT (id) DO UPDATE
SET
    property_id = EXCLUDED.property_id,
    rent_default = EXCLUDED.rent_default,
    elec_price = EXCLUDED.elec_price,
    water_mode = EXCLUDED.water_mode,
    water_price = EXCLUDED.water_price,
    service_fee = EXCLUDED.service_fee,
    vehicle_pro_rata = EXCLUDED.vehicle_pro_rata,
    service_pro_rata = EXCLUDED.service_pro_rata,
    motorbike_price = EXCLUDED.motorbike_price,
    car_price = EXCLUDED.car_price,
    bicycle_price = EXCLUDED.bicycle_price,
    updated_at = EXCLUDED.updated_at;

-- Rooms
INSERT INTO rooms (id, property_id, room_number, floor, area_m2, max_people, rent_override, status, created_at, updated_at)
VALUES
    ('b5000000-0000-0000-0000-000000000001', 'b3000000-0000-0000-0000-000000000001', 'T3-12.08', 12, 52.00, 2, 12200000, 'RENTED', '2026-01-10 08:15:00', '2026-06-30 11:00:00'),
    ('b5000000-0000-0000-0000-000000000002', 'b3000000-0000-0000-0000-000000000001', 'T3-17.03', 17, 68.50, 3, 14800000, 'RENTED', '2026-01-10 08:20:00', '2026-06-30 11:00:00'),
    ('b5000000-0000-0000-0000-000000000003', 'b3000000-0000-0000-0000-000000000001', 'T3-08.11', 8, 49.30, 2, 11600000, 'EMPTY', '2026-01-10 08:25:00', '2026-06-30 11:00:00'),
    ('b5000000-0000-0000-0000-000000000004', 'b3000000-0000-0000-0000-000000000002', 'P6-18.05', 18, 54.20, 2, 15200000, 'RENTED', '2026-01-10 08:30:00', '2026-06-30 11:05:00'),
    ('b5000000-0000-0000-0000-000000000005', 'b3000000-0000-0000-0000-000000000002', 'P6-25.02', 25, 79.80, 4, 18900000, 'RENTED', '2026-01-10 08:35:00', '2026-06-30 11:05:00'),
    ('b5000000-0000-0000-0000-000000000006', 'b3000000-0000-0000-0000-000000000002', 'P6-09.01', 9, 48.00, 2, 14100000, 'MAINTENANCE', '2026-01-10 08:40:00', '2026-06-30 11:05:00'),
    ('b5000000-0000-0000-0000-000000000007', 'b3000000-0000-0000-0000-000000000003', 'A1-15.07', 15, 64.00, 3, 10500000, 'RENTED', '2026-01-10 08:45:00', '2026-06-30 11:10:00'),
    ('b5000000-0000-0000-0000-000000000008', 'b3000000-0000-0000-0000-000000000003', 'A1-22.09', 22, 71.50, 3, 11800000, 'EMPTY', '2026-01-10 08:50:00', '2026-06-30 11:10:00'),
    ('b5000000-0000-0000-0000-000000000009', 'b3000000-0000-0000-0000-000000000004', 'LD-12.04', 12, 58.00, 2, 11900000, 'RENTED', '2026-01-10 08:55:00', '2026-06-30 11:15:00'),
    ('b5000000-0000-0000-0000-000000000010', 'b3000000-0000-0000-0000-000000000004', 'LD-08.02', 8, 47.50, 2, 10800000, 'RENTED', '2026-01-10 09:00:00', '2026-06-30 11:15:00'),
    ('b5000000-0000-0000-0000-000000000011', 'b3000000-0000-0000-0000-000000000004', 'LD-20.01', 20, 83.20, 4, 16400000, 'EMPTY', '2026-01-10 09:05:00', '2026-06-30 11:15:00')
ON CONFLICT (id) DO UPDATE
SET
    property_id = EXCLUDED.property_id,
    room_number = EXCLUDED.room_number,
    floor = EXCLUDED.floor,
    area_m2 = EXCLUDED.area_m2,
    max_people = EXCLUDED.max_people,
    rent_override = EXCLUDED.rent_override,
    status = EXCLUDED.status,
    updated_at = EXCLUDED.updated_at;

-- Room images
DELETE FROM room_images
WHERE room_id IN (
    'b5000000-0000-0000-0000-000000000001',
    'b5000000-0000-0000-0000-000000000004',
    'b5000000-0000-0000-0000-000000000007',
    'b5000000-0000-0000-0000-000000000009'
);

INSERT INTO room_images (room_id, image_url)
VALUES
    ('b5000000-0000-0000-0000-000000000001', 'https://images.unsplash.com/photo-1505693416388-ac5ce068fe85'),
    ('b5000000-0000-0000-0000-000000000004', 'https://images.unsplash.com/photo-1494526585095-c41746248156'),
    ('b5000000-0000-0000-0000-000000000007', 'https://images.unsplash.com/photo-1484154218962-a197022b5858'),
    ('b5000000-0000-0000-0000-000000000009', 'https://images.unsplash.com/photo-1502672260266-1c1ef2d93688')
ON CONFLICT DO NOTHING;

-- Contracts
INSERT INTO contracts (id, room_id, tenant_id, move_in_date, move_out_date, status, deposit_amount, notes, file_url, created_at, updated_at)
VALUES
    ('b6000000-0000-0000-0000-000000000001', 'b5000000-0000-0000-0000-000000000001', 'b1000000-0000-0000-0000-000000000002', '2026-02-01', NULL, 'ACTIVE', 24400000, 'Hop dong 12 thang, thanh toan vao ngay 05 hang thang.', NULL, '2026-01-25 14:10:00', '2026-06-30 11:40:00'),
    ('b6000000-0000-0000-0000-000000000002', 'b5000000-0000-0000-0000-000000000002', 'b1000000-0000-0000-0000-000000000003', '2026-03-10', NULL, 'ACTIVE', 29600000, 'Khach o 2 nguoi, giu 1 xe may.', NULL, '2026-03-01 09:30:00', '2026-06-30 11:40:00'),
    ('b6000000-0000-0000-0000-000000000003', 'b5000000-0000-0000-0000-000000000004', 'b1000000-0000-0000-0000-000000000004', '2026-01-15', NULL, 'ACTIVE', 30400000, 'Khach la nhan vien ngan hang, thanh toan dung han.', NULL, '2026-01-10 16:45:00', '2026-06-30 11:45:00'),
    ('b6000000-0000-0000-0000-000000000004', 'b5000000-0000-0000-0000-000000000005', 'b1000000-0000-0000-0000-000000000005', '2026-04-01', NULL, 'ACTIVE', 37800000, 'Gia dinh tre 3 nguoi, co 1 oto.', NULL, '2026-03-20 10:20:00', '2026-06-30 11:45:00'),
    ('b6000000-0000-0000-0000-000000000005', 'b5000000-0000-0000-0000-000000000007', 'b1000000-0000-0000-0000-000000000006', '2026-02-18', NULL, 'ACTIVE', 21000000, 'Khach muon giu phong toi het Q1/2027.', NULL, '2026-02-10 13:05:00', '2026-06-30 11:50:00'),
    ('b6000000-0000-0000-0000-000000000006', 'b5000000-0000-0000-0000-000000000009', 'b1000000-0000-0000-0000-000000000007', '2026-05-05', NULL, 'ACTIVE', 23800000, 'Can ho da co noi that, khach giu 1 xe may.', NULL, '2026-04-28 15:10:00', '2026-06-30 11:50:00')
ON CONFLICT (id) DO UPDATE
SET
    room_id = EXCLUDED.room_id,
    tenant_id = EXCLUDED.tenant_id,
    move_in_date = EXCLUDED.move_in_date,
    move_out_date = EXCLUDED.move_out_date,
    status = EXCLUDED.status,
    deposit_amount = EXCLUDED.deposit_amount,
    notes = EXCLUDED.notes,
    file_url = EXCLUDED.file_url,
    updated_at = EXCLUDED.updated_at;

-- Invoices
INSERT INTO invoices (
    id, room_id, contract_id, invoice_month, is_pro_rata, days_used, rent_amount,
    elec_amount, water_amount, vehicle_amount, service_amount, total_amount,
    status, payment_method, payment_link_id, checkout_url, transaction_id, due_date, paid_at,
    created_at, updated_at
)
VALUES
    ('b7000000-0000-0000-0000-000000000001', 'b5000000-0000-0000-0000-000000000001', 'b6000000-0000-0000-0000-000000000001', '2026-06-01', false, NULL, 12200000, 418000, 185000, 120000, 350000, 13273000, 'PAID', 'CASH', NULL, NULL, NULL, '2026-06-07', '2026-06-05 19:20:00', '2026-06-01 08:30:00', '2026-06-05 19:20:00'),
    ('b7000000-0000-0000-0000-000000000002', 'b5000000-0000-0000-0000-000000000002', 'b6000000-0000-0000-0000-000000000002', '2026-06-01', false, NULL, 14800000, 452000, 210000, 120000, 350000, 15932000, 'PENDING', NULL, NULL, NULL, NULL, '2026-07-05', NULL, '2026-06-30 08:30:00', '2026-06-30 08:30:00'),
    ('b7000000-0000-0000-0000-000000000003', 'b5000000-0000-0000-0000-000000000004', 'b6000000-0000-0000-0000-000000000003', '2026-06-01', false, NULL, 15200000, 396000, 228000, 150000, 450000, 16424000, 'OVERDUE', NULL, NULL, NULL, NULL, '2026-06-10', NULL, '2026-06-01 09:00:00', '2026-06-20 09:30:00'),
    ('b7000000-0000-0000-0000-000000000004', 'b5000000-0000-0000-0000-000000000005', 'b6000000-0000-0000-0000-000000000004', '2026-06-01', false, NULL, 18900000, 510000, 265000, 1350000, 450000, 21475000, 'PENDING', NULL, NULL, NULL, NULL, '2026-07-05', NULL, '2026-06-30 09:10:00', '2026-06-30 09:10:00'),
    ('b7000000-0000-0000-0000-000000000005', 'b5000000-0000-0000-0000-000000000009', 'b6000000-0000-0000-0000-000000000006', '2026-06-01', true, 27, 10710000, 365000, 190000, 120000, 320000, 11705000, 'PAID', 'PAYOS', 'PAYOS-DEMO-0901', 'https://pay.payos.vn/demo/ld1204', 'TXN-DEMO-LD1204', '2026-06-07', '2026-06-06 12:10:00', '2026-06-01 10:00:00', '2026-06-06 12:10:00')
ON CONFLICT (id) DO UPDATE
SET
    room_id = EXCLUDED.room_id,
    contract_id = EXCLUDED.contract_id,
    invoice_month = EXCLUDED.invoice_month,
    is_pro_rata = EXCLUDED.is_pro_rata,
    days_used = EXCLUDED.days_used,
    rent_amount = EXCLUDED.rent_amount,
    elec_amount = EXCLUDED.elec_amount,
    water_amount = EXCLUDED.water_amount,
    vehicle_amount = EXCLUDED.vehicle_amount,
    service_amount = EXCLUDED.service_amount,
    total_amount = EXCLUDED.total_amount,
    status = EXCLUDED.status,
    payment_method = EXCLUDED.payment_method,
    payment_link_id = EXCLUDED.payment_link_id,
    checkout_url = EXCLUDED.checkout_url,
    transaction_id = EXCLUDED.transaction_id,
    due_date = EXCLUDED.due_date,
    paid_at = EXCLUDED.paid_at,
    updated_at = EXCLUDED.updated_at;

-- Maintenance requests
INSERT INTO maintenance_requests (
    id, room_id, tenant_id, title, description, status, priority, category, ticket_code, assigned_to, resolved_at, created_at, updated_at
)
VALUES
    ('b8000000-0000-0000-0000-000000000001', 'b5000000-0000-0000-0000-000000000002', 'b1000000-0000-0000-0000-000000000003', 'Dieu hoa lanh yeu vao buoi toi', 'May lanh van chay nhung khong du mat, dac biet tu 20h tro di.', 'OPEN', 'HIGH', 'AIR_CONDITIONER', 'MNT-20260629-001', 'b1000000-0000-0000-0000-000000000008', NULL, '2026-06-29 20:35:00', '2026-06-29 20:35:00'),
    ('b8000000-0000-0000-0000-000000000002', 'b5000000-0000-0000-0000-000000000004', 'b1000000-0000-0000-0000-000000000004', 'Cua phong tam bi keu', 'Ban le cua phong tam keu lon, can them dau mo va siet lai.', 'IN_PROGRESS', 'NORMAL', 'FURNITURE', 'MNT-20260627-002', 'b1000000-0000-0000-0000-000000000009', NULL, '2026-06-27 18:10:00', '2026-06-30 08:15:00'),
    ('b8000000-0000-0000-0000-000000000003', 'b5000000-0000-0000-0000-000000000009', 'b1000000-0000-0000-0000-000000000007', 'Den ban cong khong sang', 'Da thay bong den moi nhung van khong sang, nghi la do cong tac.', 'DONE', 'NORMAL', 'ELECTRIC', 'MNT-20260624-003', 'b1000000-0000-0000-0000-000000000008', '2026-06-25 15:40:00', '2026-06-24 19:45:00', '2026-06-25 15:40:00')
ON CONFLICT (id) DO UPDATE
SET
    room_id = EXCLUDED.room_id,
    tenant_id = EXCLUDED.tenant_id,
    title = EXCLUDED.title,
    description = EXCLUDED.description,
    status = EXCLUDED.status,
    priority = EXCLUDED.priority,
    category = EXCLUDED.category,
    ticket_code = EXCLUDED.ticket_code,
    assigned_to = EXCLUDED.assigned_to,
    resolved_at = EXCLUDED.resolved_at,
    updated_at = EXCLUDED.updated_at;

-- Maintenance images
DELETE FROM maintenance_images
WHERE request_id IN (
    'b8000000-0000-0000-0000-000000000001',
    'b8000000-0000-0000-0000-000000000002'
);

INSERT INTO maintenance_images (request_id, image_url)
VALUES
    ('b8000000-0000-0000-0000-000000000001', 'https://images.unsplash.com/photo-1505693416388-ac5ce068fe85'),
    ('b8000000-0000-0000-0000-000000000002', 'https://images.unsplash.com/photo-1484154218962-a197022b5858')
ON CONFLICT DO NOTHING;

-- Additional tenants for fuller local demos
INSERT INTO users (id, full_name, email, phone, password_hash, role, is_active, created_at, updated_at)
VALUES
    ('b1000000-0000-0000-0000-000000000010', 'Dang Nhat Minh', 'nhatminh.dang@demo-htr.vn', '0908123010', '$2a$10$2fmWQAXWyE1ZRBpssWHhjeEu1YbdaXSlHyQWntleOEP/7NVGc3Oke', 'TENANT', true, '2026-02-02 09:00:00', '2026-06-30 12:00:00'),
    ('b1000000-0000-0000-0000-000000000011', 'Mai Phuong Vy', 'phuongvy.mai@demo-htr.vn', '0908123011', '$2a$10$2fmWQAXWyE1ZRBpssWHhjeEu1YbdaXSlHyQWntleOEP/7NVGc3Oke', 'TENANT', true, '2026-02-02 09:05:00', '2026-06-30 12:00:00'),
    ('b1000000-0000-0000-0000-000000000012', 'Huynh Bao Ngoc', 'baongoc.huynh@demo-htr.vn', '0908123012', '$2a$10$2fmWQAXWyE1ZRBpssWHhjeEu1YbdaXSlHyQWntleOEP/7NVGc3Oke', 'TENANT', true, '2026-02-02 09:10:00', '2026-06-30 12:00:00'),
    ('b1000000-0000-0000-0000-000000000013', 'Cao Thanh Tung', 'thanhtung.cao@demo-htr.vn', '0908123013', '$2a$10$2fmWQAXWyE1ZRBpssWHhjeEu1YbdaXSlHyQWntleOEP/7NVGc3Oke', 'TENANT', true, '2026-02-02 09:15:00', '2026-06-30 12:00:00'),
    ('b1000000-0000-0000-0000-000000000014', 'Lam Ngoc Diep', 'ngocdiep.lam@demo-htr.vn', '0908123014', '$2a$10$2fmWQAXWyE1ZRBpssWHhjeEu1YbdaXSlHyQWntleOEP/7NVGc3Oke', 'TENANT', true, '2026-02-02 09:20:00', '2026-06-30 12:00:00'),
    ('b1000000-0000-0000-0000-000000000015', 'Ngo Quang Vinh', 'quangvinh.ngo@demo-htr.vn', '0908123015', '$2a$10$2fmWQAXWyE1ZRBpssWHhjeEu1YbdaXSlHyQWntleOEP/7NVGc3Oke', 'TENANT', true, '2026-02-02 09:25:00', '2026-06-30 12:00:00'),
    ('b1000000-0000-0000-0000-000000000016', 'Trinh Ha My', 'hamy.trinh@demo-htr.vn', '0908123016', '$2a$10$2fmWQAXWyE1ZRBpssWHhjeEu1YbdaXSlHyQWntleOEP/7NVGc3Oke', 'TENANT', true, '2026-02-02 09:30:00', '2026-06-30 12:00:00'),
    ('b1000000-0000-0000-0000-000000000017', 'Ta Duc Anh', 'ducanh.ta@demo-htr.vn', '0908123017', '$2a$10$2fmWQAXWyE1ZRBpssWHhjeEu1YbdaXSlHyQWntleOEP/7NVGc3Oke', 'TENANT', true, '2026-02-02 09:35:00', '2026-06-30 12:00:00'),
    ('b1000000-0000-0000-0000-000000000018', 'Luu Khanh Chi', 'khanhchi.luu@demo-htr.vn', '0908123018', '$2a$10$2fmWQAXWyE1ZRBpssWHhjeEu1YbdaXSlHyQWntleOEP/7NVGc3Oke', 'TENANT', true, '2026-02-02 09:40:00', '2026-06-30 12:00:00'),
    ('b1000000-0000-0000-0000-000000000019', 'Duong Viet Long', 'vietlong.duong@demo-htr.vn', '0908123019', '$2a$10$2fmWQAXWyE1ZRBpssWHhjeEu1YbdaXSlHyQWntleOEP/7NVGc3Oke', 'TENANT', true, '2026-02-02 09:45:00', '2026-06-30 12:00:00'),
    ('b1000000-0000-0000-0000-000000000020', 'Nguyen Thai Ha', 'thaiha.nguyen@demo-htr.vn', '0908123020', '$2a$10$2fmWQAXWyE1ZRBpssWHhjeEu1YbdaXSlHyQWntleOEP/7NVGc3Oke', 'TENANT', true, '2026-02-02 09:50:00', '2026-06-30 12:00:00'),
    ('b1000000-0000-0000-0000-000000000021', 'Pham Bao Chau', 'baochau.pham@demo-htr.vn', '0908123021', '$2a$10$2fmWQAXWyE1ZRBpssWHhjeEu1YbdaXSlHyQWntleOEP/7NVGc3Oke', 'TENANT', true, '2026-02-02 09:55:00', '2026-06-30 12:00:00'),
    ('b1000000-0000-0000-0000-000000000022', 'Vo Minh Tri', 'minhtri.vo@demo-htr.vn', '0908123022', '$2a$10$2fmWQAXWyE1ZRBpssWHhjeEu1YbdaXSlHyQWntleOEP/7NVGc3Oke', 'TENANT', true, '2026-02-02 10:00:00', '2026-06-30 12:00:00'),
    ('b1000000-0000-0000-0000-000000000023', 'Tran Ngoc Lam', 'ngoclam.tran@demo-htr.vn', '0908123023', '$2a$10$2fmWQAXWyE1ZRBpssWHhjeEu1YbdaXSlHyQWntleOEP/7NVGc3Oke', 'TENANT', true, '2026-02-02 10:05:00', '2026-06-30 12:00:00')
ON CONFLICT (id) DO UPDATE
SET
    full_name = EXCLUDED.full_name,
    email = EXCLUDED.email,
    phone = EXCLUDED.phone,
    password_hash = EXCLUDED.password_hash,
    role = EXCLUDED.role,
    is_active = EXCLUDED.is_active,
    updated_at = EXCLUDED.updated_at;

-- Additional rooms
INSERT INTO rooms (id, property_id, room_number, floor, area_m2, max_people, rent_override, status, created_at, updated_at)
VALUES
    ('b5000000-0000-0000-0000-000000000012', 'b3000000-0000-0000-0000-000000000001', 'T3-05.02', 5, 45.00, 2, 10900000, 'RENTED', '2026-02-05 08:10:00', '2026-06-30 12:10:00'),
    ('b5000000-0000-0000-0000-000000000013', 'b3000000-0000-0000-0000-000000000001', 'T3-09.06', 9, 57.50, 2, 12800000, 'RENTED', '2026-02-05 08:15:00', '2026-06-30 12:10:00'),
    ('b5000000-0000-0000-0000-000000000014', 'b3000000-0000-0000-0000-000000000001', 'T3-21.01', 21, 72.00, 3, 16200000, 'RENTED', '2026-02-05 08:20:00', '2026-06-30 12:10:00'),
    ('b5000000-0000-0000-0000-000000000015', 'b3000000-0000-0000-0000-000000000001', 'T3-26.09', 26, 46.80, 2, 11300000, 'EMPTY', '2026-02-05 08:25:00', '2026-06-30 12:10:00'),
    ('b5000000-0000-0000-0000-000000000016', 'b3000000-0000-0000-0000-000000000002', 'P6-06.03', 6, 50.60, 2, 13900000, 'RENTED', '2026-02-05 08:30:00', '2026-06-30 12:15:00'),
    ('b5000000-0000-0000-0000-000000000017', 'b3000000-0000-0000-0000-000000000002', 'P6-12.08', 12, 63.40, 3, 16400000, 'RENTED', '2026-02-05 08:35:00', '2026-06-30 12:15:00'),
    ('b5000000-0000-0000-0000-000000000018', 'b3000000-0000-0000-0000-000000000002', 'P6-28.11', 28, 86.00, 4, 20500000, 'RENTED', '2026-02-05 08:40:00', '2026-06-30 12:15:00'),
    ('b5000000-0000-0000-0000-000000000019', 'b3000000-0000-0000-0000-000000000002', 'P6-31.07', 31, 52.70, 2, 14900000, 'EMPTY', '2026-02-05 08:45:00', '2026-06-30 12:15:00'),
    ('b5000000-0000-0000-0000-000000000020', 'b3000000-0000-0000-0000-000000000003', 'A1-06.12', 6, 42.30, 2, 9200000, 'RENTED', '2026-02-05 08:50:00', '2026-06-30 12:20:00'),
    ('b5000000-0000-0000-0000-000000000021', 'b3000000-0000-0000-0000-000000000003', 'A1-11.02', 11, 55.60, 2, 10100000, 'RENTED', '2026-02-05 08:55:00', '2026-06-30 12:20:00'),
    ('b5000000-0000-0000-0000-000000000022', 'b3000000-0000-0000-0000-000000000003', 'A1-28.06', 28, 76.20, 3, 12600000, 'RENTED', '2026-02-05 09:00:00', '2026-06-30 12:20:00'),
    ('b5000000-0000-0000-0000-000000000023', 'b3000000-0000-0000-0000-000000000003', 'A1-30.10', 30, 48.90, 2, 9800000, 'MAINTENANCE', '2026-02-05 09:05:00', '2026-06-30 12:20:00'),
    ('b5000000-0000-0000-0000-000000000024', 'b3000000-0000-0000-0000-000000000004', 'LD-05.06', 5, 44.80, 2, 10300000, 'RENTED', '2026-02-05 09:10:00', '2026-06-30 12:25:00'),
    ('b5000000-0000-0000-0000-000000000025', 'b3000000-0000-0000-0000-000000000004', 'LD-16.08', 16, 62.50, 3, 12700000, 'RENTED', '2026-02-05 09:15:00', '2026-06-30 12:25:00'),
    ('b5000000-0000-0000-0000-000000000026', 'b3000000-0000-0000-0000-000000000004', 'LD-24.03', 24, 88.50, 4, 17100000, 'EMPTY', '2026-02-05 09:20:00', '2026-06-30 12:25:00'),
    ('b5000000-0000-0000-0000-000000000027', 'b3000000-0000-0000-0000-000000000004', 'LD-27.09', 27, 51.40, 2, 11400000, 'EMPTY', '2026-02-05 09:25:00', '2026-06-30 12:25:00')
ON CONFLICT (id) DO UPDATE
SET
    property_id = EXCLUDED.property_id,
    room_number = EXCLUDED.room_number,
    floor = EXCLUDED.floor,
    area_m2 = EXCLUDED.area_m2,
    max_people = EXCLUDED.max_people,
    rent_override = EXCLUDED.rent_override,
    status = EXCLUDED.status,
    updated_at = EXCLUDED.updated_at;

-- Additional contracts
INSERT INTO contracts (id, room_id, tenant_id, move_in_date, move_out_date, status, deposit_amount, notes, file_url, created_at, updated_at)
VALUES
    ('b6000000-0000-0000-0000-000000000007', 'b5000000-0000-0000-0000-000000000012', 'b1000000-0000-0000-0000-000000000010', '2026-02-10', NULL, 'ACTIVE', 21800000, 'Hop dong 12 thang, khach lam viec tai Thu Duc.', NULL, '2026-02-06 10:00:00', '2026-06-30 12:40:00'),
    ('b6000000-0000-0000-0000-000000000008', 'b5000000-0000-0000-0000-000000000013', 'b1000000-0000-0000-0000-000000000011', '2026-02-20', NULL, 'ACTIVE', 25600000, 'Khach o mot nguoi, uu tien thanh toan PayOS.', NULL, '2026-02-12 10:00:00', '2026-06-30 12:40:00'),
    ('b6000000-0000-0000-0000-000000000009', 'b5000000-0000-0000-0000-000000000014', 'b1000000-0000-0000-0000-000000000012', '2026-03-01', NULL, 'ACTIVE', 32400000, 'Nhom 3 nguoi, giu 2 xe may.', NULL, '2026-02-25 10:00:00', '2026-06-30 12:40:00'),
    ('b6000000-0000-0000-0000-000000000010', 'b5000000-0000-0000-0000-000000000016', 'b1000000-0000-0000-0000-000000000013', '2026-02-15', NULL, 'ACTIVE', 27800000, 'Khach thue dai han, thanh toan vao ngay 03.', NULL, '2026-02-08 10:00:00', '2026-06-30 12:45:00'),
    ('b6000000-0000-0000-0000-000000000011', 'b5000000-0000-0000-0000-000000000017', 'b1000000-0000-0000-0000-000000000014', '2026-03-05', NULL, 'ACTIVE', 32800000, 'Gia dinh 2 nguoi, giu 1 xe may va 1 xe dap.', NULL, '2026-02-28 10:00:00', '2026-06-30 12:45:00'),
    ('b6000000-0000-0000-0000-000000000012', 'b5000000-0000-0000-0000-000000000018', 'b1000000-0000-0000-0000-000000000015', '2026-04-01', NULL, 'ACTIVE', 41000000, 'Can ho lon, khach co 1 oto.', NULL, '2026-03-25 10:00:00', '2026-06-30 12:45:00'),
    ('b6000000-0000-0000-0000-000000000013', 'b5000000-0000-0000-0000-000000000020', 'b1000000-0000-0000-0000-000000000016', '2026-02-01', NULL, 'ACTIVE', 18400000, 'Khach can gan Quan 1, thue 12 thang.', NULL, '2026-01-28 10:00:00', '2026-06-30 12:50:00'),
    ('b6000000-0000-0000-0000-000000000014', 'b5000000-0000-0000-0000-000000000021', 'b1000000-0000-0000-0000-000000000017', '2026-03-12', NULL, 'ACTIVE', 20200000, 'Khach lam viec ca dem, can ho yen tinh.', NULL, '2026-03-05 10:00:00', '2026-06-30 12:50:00'),
    ('b6000000-0000-0000-0000-000000000015', 'b5000000-0000-0000-0000-000000000022', 'b1000000-0000-0000-0000-000000000018', '2026-04-10', NULL, 'ACTIVE', 25200000, 'Nhom khach tre, uu tien bao tri nhanh.', NULL, '2026-04-01 10:00:00', '2026-06-30 12:50:00'),
    ('b6000000-0000-0000-0000-000000000016', 'b5000000-0000-0000-0000-000000000024', 'b1000000-0000-0000-0000-000000000019', '2026-02-25', NULL, 'ACTIVE', 20600000, 'Khach o mot nguoi, giu 1 xe may.', NULL, '2026-02-20 10:00:00', '2026-06-30 12:55:00'),
    ('b6000000-0000-0000-0000-000000000017', 'b5000000-0000-0000-0000-000000000025', 'b1000000-0000-0000-0000-000000000020', '2026-03-20', NULL, 'ACTIVE', 25400000, 'Khach o 2 nguoi, hop dong 12 thang.', NULL, '2026-03-15 10:00:00', '2026-06-30 12:55:00'),
    ('b6000000-0000-0000-0000-000000000018', 'b5000000-0000-0000-0000-000000000010', 'b1000000-0000-0000-0000-000000000021', '2026-01-20', '2026-05-31', 'EXPIRED', 21600000, 'Hop dong cu da ket thuc, phong da co khach moi tu thang 6.', NULL, '2026-01-12 10:00:00', '2026-05-31 18:00:00')
ON CONFLICT (id) DO UPDATE
SET
    room_id = EXCLUDED.room_id,
    tenant_id = EXCLUDED.tenant_id,
    move_in_date = EXCLUDED.move_in_date,
    move_out_date = EXCLUDED.move_out_date,
    status = EXCLUDED.status,
    deposit_amount = EXCLUDED.deposit_amount,
    notes = EXCLUDED.notes,
    file_url = EXCLUDED.file_url,
    updated_at = EXCLUDED.updated_at;

-- Additional invoices across several months
INSERT INTO invoices (
    id, room_id, contract_id, invoice_month, is_pro_rata, days_used, rent_amount,
    elec_amount, water_amount, vehicle_amount, service_amount, total_amount,
    status, payment_method, payment_link_id, checkout_url, transaction_id, due_date, paid_at,
    created_at, updated_at
)
SELECT
    id::uuid,
    room_id::uuid,
    contract_id::uuid,
    invoice_month::date,
    false,
    NULL::integer,
    rent_amount,
    elec_amount,
    water_amount,
    vehicle_amount,
    service_amount,
    rent_amount + elec_amount + water_amount + vehicle_amount + service_amount,
    status,
    payment_method,
    payment_link_id,
    checkout_url,
    transaction_id,
    due_date::date,
    paid_at::timestamp,
    created_at::timestamp,
    updated_at::timestamp
FROM (VALUES
    ('b7000000-0000-0000-0000-000000000006', 'b5000000-0000-0000-0000-000000000012', 'b6000000-0000-0000-0000-000000000007', '2026-04-01', 10900000::numeric, 338000::numeric, 148000::numeric, 120000::numeric, 350000::numeric, 'PAID', 'CASH', NULL, NULL, NULL, '2026-04-07', '2026-04-05 18:30:00', '2026-04-01 08:00:00', '2026-04-05 18:30:00'),
    ('b7000000-0000-0000-0000-000000000007', 'b5000000-0000-0000-0000-000000000012', 'b6000000-0000-0000-0000-000000000007', '2026-05-01', 10900000::numeric, 361000::numeric, 166000::numeric, 120000::numeric, 350000::numeric, 'PAID', 'PAYOS', 'PAYOS-DEMO-1205', 'https://pay.payos.vn/demo/t30502-05', 'TXN-DEMO-T30502-05', '2026-05-07', '2026-05-06 09:20:00', '2026-05-01 08:00:00', '2026-05-06 09:20:00'),
    ('b7000000-0000-0000-0000-000000000008', 'b5000000-0000-0000-0000-000000000012', 'b6000000-0000-0000-0000-000000000007', '2026-06-01', 10900000::numeric, 380000::numeric, 185000::numeric, 120000::numeric, 350000::numeric, 'PENDING', NULL, NULL, NULL, NULL, '2026-07-05', NULL, '2026-06-30 08:00:00', '2026-06-30 08:00:00'),
    ('b7000000-0000-0000-0000-000000000009', 'b5000000-0000-0000-0000-000000000013', 'b6000000-0000-0000-0000-000000000008', '2026-04-01', 12800000::numeric, 380000::numeric, 148000::numeric, 120000::numeric, 350000::numeric, 'PAID', 'CASH', NULL, NULL, NULL, '2026-04-07', '2026-04-04 20:10:00', '2026-04-01 08:05:00', '2026-04-04 20:10:00'),
    ('b7000000-0000-0000-0000-000000000010', 'b5000000-0000-0000-0000-000000000013', 'b6000000-0000-0000-0000-000000000008', '2026-05-01', 12800000::numeric, 399000::numeric, 166000::numeric, 120000::numeric, 350000::numeric, 'OVERDUE', NULL, NULL, NULL, NULL, '2026-05-07', NULL, '2026-05-01 08:05:00', '2026-05-15 08:05:00'),
    ('b7000000-0000-0000-0000-000000000011', 'b5000000-0000-0000-0000-000000000013', 'b6000000-0000-0000-0000-000000000008', '2026-06-01', 12800000::numeric, 421000::numeric, 185000::numeric, 120000::numeric, 350000::numeric, 'PENDING', NULL, NULL, NULL, NULL, '2026-07-05', NULL, '2026-06-30 08:05:00', '2026-06-30 08:05:00'),
    ('b7000000-0000-0000-0000-000000000012', 'b5000000-0000-0000-0000-000000000014', 'b6000000-0000-0000-0000-000000000009', '2026-04-01', 16200000::numeric, 494000::numeric, 222000::numeric, 240000::numeric, 350000::numeric, 'PAID', 'PAYOS', 'PAYOS-DEMO-1404', 'https://pay.payos.vn/demo/t32101-04', 'TXN-DEMO-T32101-04', '2026-04-07', '2026-04-07 11:35:00', '2026-04-01 08:10:00', '2026-04-07 11:35:00'),
    ('b7000000-0000-0000-0000-000000000013', 'b5000000-0000-0000-0000-000000000014', 'b6000000-0000-0000-0000-000000000009', '2026-05-01', 16200000::numeric, 528000::numeric, 240000::numeric, 240000::numeric, 350000::numeric, 'PAID', 'CASH', NULL, NULL, NULL, '2026-05-07', '2026-05-05 17:45:00', '2026-05-01 08:10:00', '2026-05-05 17:45:00'),
    ('b7000000-0000-0000-0000-000000000014', 'b5000000-0000-0000-0000-000000000014', 'b6000000-0000-0000-0000-000000000009', '2026-06-01', 16200000::numeric, 551000::numeric, 259000::numeric, 240000::numeric, 350000::numeric, 'PENDING', NULL, NULL, NULL, NULL, '2026-07-05', NULL, '2026-06-30 08:10:00', '2026-06-30 08:10:00'),
    ('b7000000-0000-0000-0000-000000000015', 'b5000000-0000-0000-0000-000000000016', 'b6000000-0000-0000-0000-000000000010', '2026-04-01', 13900000::numeric, 376000::numeric, 190000::numeric, 150000::numeric, 450000::numeric, 'PAID', 'CASH', NULL, NULL, NULL, '2026-04-07', '2026-04-05 09:00:00', '2026-04-01 08:15:00', '2026-04-05 09:00:00'),
    ('b7000000-0000-0000-0000-000000000016', 'b5000000-0000-0000-0000-000000000016', 'b6000000-0000-0000-0000-000000000010', '2026-05-01', 13900000::numeric, 401000::numeric, 209000::numeric, 150000::numeric, 450000::numeric, 'PAID', 'PAYOS', 'PAYOS-DEMO-1605', 'https://pay.payos.vn/demo/p60603-05', 'TXN-DEMO-P60603-05', '2026-05-07', '2026-05-04 13:25:00', '2026-05-01 08:15:00', '2026-05-04 13:25:00'),
    ('b7000000-0000-0000-0000-000000000017', 'b5000000-0000-0000-0000-000000000016', 'b6000000-0000-0000-0000-000000000010', '2026-06-01', 13900000::numeric, 429000::numeric, 228000::numeric, 150000::numeric, 450000::numeric, 'PENDING', NULL, NULL, NULL, NULL, '2026-07-05', NULL, '2026-06-30 08:15:00', '2026-06-30 08:15:00'),
    ('b7000000-0000-0000-0000-000000000018', 'b5000000-0000-0000-0000-000000000017', 'b6000000-0000-0000-0000-000000000011', '2026-04-01', 16400000::numeric, 445000::numeric, 190000::numeric, 200000::numeric, 450000::numeric, 'PAID', 'CASH', NULL, NULL, NULL, '2026-04-07', '2026-04-06 21:00:00', '2026-04-01 08:20:00', '2026-04-06 21:00:00'),
    ('b7000000-0000-0000-0000-000000000019', 'b5000000-0000-0000-0000-000000000017', 'b6000000-0000-0000-0000-000000000011', '2026-05-01', 16400000::numeric, 470000::numeric, 209000::numeric, 200000::numeric, 450000::numeric, 'PAID', 'CASH', NULL, NULL, NULL, '2026-05-07', '2026-05-07 10:10:00', '2026-05-01 08:20:00', '2026-05-07 10:10:00'),
    ('b7000000-0000-0000-0000-000000000020', 'b5000000-0000-0000-0000-000000000017', 'b6000000-0000-0000-0000-000000000011', '2026-06-01', 16400000::numeric, 498000::numeric, 228000::numeric, 200000::numeric, 450000::numeric, 'OVERDUE', NULL, NULL, NULL, NULL, '2026-06-10', NULL, '2026-06-01 08:20:00', '2026-06-20 08:20:00'),
    ('b7000000-0000-0000-0000-000000000021', 'b5000000-0000-0000-0000-000000000018', 'b6000000-0000-0000-0000-000000000012', '2026-04-01', 20500000::numeric, 610000::numeric, 266000::numeric, 1350000::numeric, 450000::numeric, 'PAID', 'PAYOS', 'PAYOS-DEMO-1804', 'https://pay.payos.vn/demo/p62811-04', 'TXN-DEMO-P62811-04', '2026-04-07', '2026-04-03 12:15:00', '2026-04-01 08:25:00', '2026-04-03 12:15:00'),
    ('b7000000-0000-0000-0000-000000000022', 'b5000000-0000-0000-0000-000000000018', 'b6000000-0000-0000-0000-000000000012', '2026-05-01', 20500000::numeric, 640000::numeric, 285000::numeric, 1350000::numeric, 450000::numeric, 'PAID', 'CASH', NULL, NULL, NULL, '2026-05-07', '2026-05-05 16:00:00', '2026-05-01 08:25:00', '2026-05-05 16:00:00'),
    ('b7000000-0000-0000-0000-000000000023', 'b5000000-0000-0000-0000-000000000018', 'b6000000-0000-0000-0000-000000000012', '2026-06-01', 20500000::numeric, 675000::numeric, 304000::numeric, 1350000::numeric, 450000::numeric, 'PENDING', NULL, NULL, NULL, NULL, '2026-07-05', NULL, '2026-06-30 08:25:00', '2026-06-30 08:25:00'),
    ('b7000000-0000-0000-0000-000000000024', 'b5000000-0000-0000-0000-000000000020', 'b6000000-0000-0000-0000-000000000013', '2026-04-01', 9200000::numeric, 292000::numeric, 144000::numeric, 120000::numeric, 300000::numeric, 'PAID', 'CASH', NULL, NULL, NULL, '2026-04-07', '2026-04-06 15:40:00', '2026-04-01 08:30:00', '2026-04-06 15:40:00'),
    ('b7000000-0000-0000-0000-000000000025', 'b5000000-0000-0000-0000-000000000020', 'b6000000-0000-0000-0000-000000000013', '2026-05-01', 9200000::numeric, 315000::numeric, 162000::numeric, 120000::numeric, 300000::numeric, 'PAID', 'PAYOS', 'PAYOS-DEMO-2005', 'https://pay.payos.vn/demo/a10612-05', 'TXN-DEMO-A10612-05', '2026-05-07', '2026-05-06 11:15:00', '2026-05-01 08:30:00', '2026-05-06 11:15:00'),
    ('b7000000-0000-0000-0000-000000000026', 'b5000000-0000-0000-0000-000000000020', 'b6000000-0000-0000-0000-000000000013', '2026-06-01', 9200000::numeric, 338000::numeric, 180000::numeric, 120000::numeric, 300000::numeric, 'PENDING', NULL, NULL, NULL, NULL, '2026-07-05', NULL, '2026-06-30 08:30:00', '2026-06-30 08:30:00'),
    ('b7000000-0000-0000-0000-000000000027', 'b5000000-0000-0000-0000-000000000021', 'b6000000-0000-0000-0000-000000000014', '2026-04-01', 10100000::numeric, 315000::numeric, 144000::numeric, 120000::numeric, 300000::numeric, 'PAID', 'CASH', NULL, NULL, NULL, '2026-04-07', '2026-04-04 10:30:00', '2026-04-01 08:35:00', '2026-04-04 10:30:00'),
    ('b7000000-0000-0000-0000-000000000028', 'b5000000-0000-0000-0000-000000000021', 'b6000000-0000-0000-0000-000000000014', '2026-05-01', 10100000::numeric, 342000::numeric, 162000::numeric, 120000::numeric, 300000::numeric, 'OVERDUE', NULL, NULL, NULL, NULL, '2026-05-07', NULL, '2026-05-01 08:35:00', '2026-05-18 08:35:00'),
    ('b7000000-0000-0000-0000-000000000029', 'b5000000-0000-0000-0000-000000000021', 'b6000000-0000-0000-0000-000000000014', '2026-06-01', 10100000::numeric, 365000::numeric, 180000::numeric, 120000::numeric, 300000::numeric, 'PENDING', NULL, NULL, NULL, NULL, '2026-07-05', NULL, '2026-06-30 08:35:00', '2026-06-30 08:35:00'),
    ('b7000000-0000-0000-0000-000000000030', 'b5000000-0000-0000-0000-000000000022', 'b6000000-0000-0000-0000-000000000015', '2026-04-01', 12600000::numeric, 395000::numeric, 180000::numeric, 120000::numeric, 300000::numeric, 'PAID', 'PAYOS', 'PAYOS-DEMO-2204', 'https://pay.payos.vn/demo/a12806-04', 'TXN-DEMO-A12806-04', '2026-04-07', '2026-04-05 08:50:00', '2026-04-01 08:40:00', '2026-04-05 08:50:00'),
    ('b7000000-0000-0000-0000-000000000031', 'b5000000-0000-0000-0000-000000000022', 'b6000000-0000-0000-0000-000000000015', '2026-05-01', 12600000::numeric, 422000::numeric, 198000::numeric, 120000::numeric, 300000::numeric, 'PAID', 'CASH', NULL, NULL, NULL, '2026-05-07', '2026-05-07 19:00:00', '2026-05-01 08:40:00', '2026-05-07 19:00:00'),
    ('b7000000-0000-0000-0000-000000000032', 'b5000000-0000-0000-0000-000000000022', 'b6000000-0000-0000-0000-000000000015', '2026-06-01', 12600000::numeric, 448000::numeric, 216000::numeric, 120000::numeric, 300000::numeric, 'PENDING', NULL, NULL, NULL, NULL, '2026-07-05', NULL, '2026-06-30 08:40:00', '2026-06-30 08:40:00'),
    ('b7000000-0000-0000-0000-000000000033', 'b5000000-0000-0000-0000-000000000024', 'b6000000-0000-0000-0000-000000000016', '2026-04-01', 10300000::numeric, 330000::numeric, 148000::numeric, 120000::numeric, 320000::numeric, 'PAID', 'CASH', NULL, NULL, NULL, '2026-04-07', '2026-04-03 18:00:00', '2026-04-01 08:45:00', '2026-04-03 18:00:00'),
    ('b7000000-0000-0000-0000-000000000034', 'b5000000-0000-0000-0000-000000000024', 'b6000000-0000-0000-0000-000000000016', '2026-05-01', 10300000::numeric, 350000::numeric, 166000::numeric, 120000::numeric, 320000::numeric, 'PAID', 'PAYOS', 'PAYOS-DEMO-2405', 'https://pay.payos.vn/demo/ld0506-05', 'TXN-DEMO-LD0506-05', '2026-05-07', '2026-05-06 22:00:00', '2026-05-01 08:45:00', '2026-05-06 22:00:00'),
    ('b7000000-0000-0000-0000-000000000035', 'b5000000-0000-0000-0000-000000000024', 'b6000000-0000-0000-0000-000000000016', '2026-06-01', 10300000::numeric, 372000::numeric, 185000::numeric, 120000::numeric, 320000::numeric, 'PENDING', NULL, NULL, NULL, NULL, '2026-07-05', NULL, '2026-06-30 08:45:00', '2026-06-30 08:45:00'),
    ('b7000000-0000-0000-0000-000000000036', 'b5000000-0000-0000-0000-000000000025', 'b6000000-0000-0000-0000-000000000017', '2026-04-01', 12700000::numeric, 380000::numeric, 185000::numeric, 120000::numeric, 320000::numeric, 'PAID', 'CASH', NULL, NULL, NULL, '2026-04-07', '2026-04-07 09:30:00', '2026-04-01 08:50:00', '2026-04-07 09:30:00'),
    ('b7000000-0000-0000-0000-000000000037', 'b5000000-0000-0000-0000-000000000025', 'b6000000-0000-0000-0000-000000000017', '2026-05-01', 12700000::numeric, 403000::numeric, 203000::numeric, 120000::numeric, 320000::numeric, 'PAID', 'CASH', NULL, NULL, NULL, '2026-05-07', '2026-05-05 14:30:00', '2026-05-01 08:50:00', '2026-05-05 14:30:00'),
    ('b7000000-0000-0000-0000-000000000038', 'b5000000-0000-0000-0000-000000000025', 'b6000000-0000-0000-0000-000000000017', '2026-06-01', 12700000::numeric, 429000::numeric, 222000::numeric, 120000::numeric, 320000::numeric, 'OVERDUE', NULL, NULL, NULL, NULL, '2026-06-10', NULL, '2026-06-01 08:50:00', '2026-06-18 08:50:00')
) AS v(
    id, room_id, contract_id, invoice_month, rent_amount, elec_amount, water_amount,
    vehicle_amount, service_amount, status, payment_method, payment_link_id, checkout_url,
    transaction_id, due_date, paid_at, created_at, updated_at
)
ON CONFLICT (room_id, invoice_month) DO UPDATE
SET
    contract_id = EXCLUDED.contract_id,
    is_pro_rata = EXCLUDED.is_pro_rata,
    days_used = EXCLUDED.days_used,
    rent_amount = EXCLUDED.rent_amount,
    elec_amount = EXCLUDED.elec_amount,
    water_amount = EXCLUDED.water_amount,
    vehicle_amount = EXCLUDED.vehicle_amount,
    service_amount = EXCLUDED.service_amount,
    total_amount = EXCLUDED.total_amount,
    status = EXCLUDED.status,
    payment_method = EXCLUDED.payment_method,
    payment_link_id = EXCLUDED.payment_link_id,
    checkout_url = EXCLUDED.checkout_url,
    transaction_id = EXCLUDED.transaction_id,
    due_date = EXCLUDED.due_date,
    paid_at = EXCLUDED.paid_at,
    updated_at = EXCLUDED.updated_at;

COMMIT;
